195153448,Classical Mythology,Mark P. O. Morford,2002,Oxford University Press
2005018,Clara Callan,Richard Bruce Wright,2001,HarperFlamingo Canada
60973129,Decision in Normandy,Carlo D`Este,1991,HarperPerennial
374157065,Flu: The Story of the Great Influenza Pandemic of 1918 and the Search for the Virus That Caused It,Gina Bari Kolata,1999,Farrar Straus Giroux
393045218,The Mummies of Urumchi,E. J. W. Barber,1999,W. W. Norton &amp; Company
399135782,The Kitchen God`s Wife,Amy Tan,1991,Putnam Pub Group
425176428,What If?: The World`s Foremost Military Historians Imagine What Might Have Been,Robert Cowley,2000,Berkley Publishing Group
671870432,PLEADING GUILTY,Scott Turow,1993,Audioworks
679425608,Under the Black Flag: The Romance and the Reality of Life Among the Pirates,David Cordingly,1996,Random House
074322678X,Where You`ll Find Me: And Other Stories,Ann Beattie,2002,Scribner
771074670,Nights Below Station Street,David Adams Richards,1988,Emblem Editions
080652121X,Hitler`s Secret Bankers: The Myth of Swiss Neutrality During the Holocaust,Adam Lebor,2000,Citadel Press
887841740,The Middle Stories,Sheila Heti,2004,House of Anansi Press
1552041778,Jane Doe,R. J. Kaiser,1999,Mira Books
1558746218,A Second Chicken Soup for the Woman`s Soul (Chicken Soup for the Soul Series),Jack Canfield,1998,Health Communications
1567407781,The Witchfinder (Amos Walker Mystery Series),Loren D. Estleman,1998,Brilliance Audio - Trade
1575663937,More Cunning Than Man: A Social History of Rats and Man,Robert Hendrickson,1999,Kensington Publishing Corp.
1881320189,Goodbye to the Buttermilk Sky,Julia Oliver,1994,River City Pub
440234743,The Testament,John Grisham,1999,Dell
452264464,Beloved (Plume Contemporary Fiction),Toni Morrison,1994,Plume
609804618,Our Dumb Century: The Onion Presents 100 Years of Headlines from America`s Finest News Source,The Onion,1999,Three Rivers Press
1841721522,New Vegetarian: Bold and Beautiful Recipes for Every Occasion,Celia Brooks Brown,2001,Ryland Peters &amp; Small Ltd
1879384493,If I`d Known Then What I Know Now: Why Not Learn from the Mistakes of Others? : You Can`t Afford to Make Them All Yourself,J. R. Parrish,2003,Cypress House
61076031,Mary-Kate &amp; Ashley Switching Goals (Mary-Kate and Ashley Starring in),Mary-Kate &amp; Ashley Olsen,2000,HarperEntertainment
439095026,Tell Me This Isn`t Happening,Robynn Clairday,1999,Scholastic
689821166,Flood : Mississippi 1927,Kathleen Duey,1998,Aladdin
971880107,Wild Animus,Rich Shapero,2004,Too Far
345402871,Airframe,Michael Crichton,1997,Ballantine Books
345417623,Timeline,MICHAEL CRICHTON,2000,Ballantine Books
684823802,OUT OF THE SILENT PLANET,C.S. Lewis,1996,Scribner
375759778,Prague : A Novel,ARTHUR PHILLIPS,2003,Random House Trade Paperbacks
425163091,Chocolate Jesus,Stephan Jaramillo,1998,Berkley Publishing Group
3404921038,Wie Barney es sieht.,Mordecai Richler,2002,L√?¬ºbbe
3442353866,Der Fluch der Kaiserin. Ein Richter- Di- Roman.,Eleanor Cooney,2001,Goldmann
3442410665,Sturmzeit. Roman.,Charlotte Link,1991,Goldmann
3442446937,Tage der Unschuld.,Richard North Patterson,2000,Goldmann
375406328,Lying Awake,Mark Salzman,2000,Alfred A. Knopf
446310786,To Kill a Mockingbird,Harper Lee,1988,Little Brown &amp; Company
449005615,Seabiscuit: An American Legend,LAURA HILLENBRAND,2002,Ballantine Books
60168013,Pigs in Heaven,Barbara Kingsolver,1993,Harpercollins
038078243X,Miss Zukas and the Raven`s Dance,Jo Dereske,1996,Avon
055321215X,Pride and Prejudice,Jane Austen,1983,Bantam
067176537X,The Therapeutic Touch: How to Use Your Hands to Help or to Heal,Dolores Krieger,1979,Fireside
61099686,Downtown,Anne Rivers Siddons,1995,HarperTorch
553582909,Icebound,Dean R. Koontz,2000,Bantam Books
671888587,I`ll Be Seeing You,Mary Higgins Clark,1994,Pocket
553582747,From the Corner of His Eye,Dean Koontz,2001,Bantam Books
425182908,Isle of Dogs,Patricia Cornwell,2002,Berkley Publishing Group
042518630X,Purity in Death,J.D. Robb,2002,Berkley Publishing Group
440223571,This Year It Will Be Different: And Other Stories,Maeve Binchy,1997,Dell
812523873,Proxies,Laura J. Mixon,1999,Tor Books
842342702,Left Behind: A Novel of the Earth`s Last Days (Left Behind #1),Tim Lahaye,2000,Tyndale House Publishers
440225701,The Street Lawyer,JOHN GRISHAM,1999,Dell
60914068,"Love, Medicine and Miracles",M.D. Bernie S. Siegel,1988,HarperCollins Publishers
156047624,All the King`s Men,Robert Penn Warren,1982,Harvest Books
245542957,Pacific Northwest,Hans Johannes Hoefer,1985,Chambers Harrap Publishers Ltd
380715899,A Soldier of the Great War,Mark Helprin,1992,Avon Books
553280333,Getting Well Again,O. Carol Simonton Md,1992,Bantam
961769947,Northwest Wines and Wineries,Chuck Hill,1993,Speed Graphics
964778319,An Atmosphere of Eternity: Stories of India,David Iglehart,2002,Sunflower Press
671623249,LONESOME DOVE,Larry McMurtry,1986,Pocket
679810307,Shabanu: Daughter of the Wind (Border Trilogy),SUZANNE FISHER STAPLES,1991,Laurel Leaf
679865691,Haveli (Laurel Leaf Books),SUZANNE FISHER STAPLES,1995,Laurel Leaf
2070423204,Lieux dits,Michel Tournier,2002,Gallimard
345260317,The Dragons of Eden: Speculations on the Evolution of Human Intelligence,Carl Sagan,1978,Ballantine Books
394743741,The yawning heights,Aleksandr Zinoviev,1980,Random House
042511774X,Breathing Lessons,Anne Tyler,1994,Berkley Publishing Group
804106304,The Joy Luck Club,Amy Tan,1994,Prentice Hall (K-12)
1853262404,Heart of Darkness (Wordsworth Collection),Joseph Conrad,1998,NTC/Contemporary Publishing Company
312970242,The Angel Is Near,Deepak Chopra,2000,St. Martin`s Press
1853260053,Tess of the D`Urbervilles (Wordsworth Classics),Thomas Hardy,1997,NTC/Contemporary Publishing Company
1414035004,The Adventures of Drew and Ellie: The Magical Dress,Charles Noland,2003,1stBooks Library
60938412,The Accidental Virgin,Valerie Frankel,2003,Avon Trade
140067477,The Tao of Pooh,Benjamin Hoff,1983,Penguin Books
345465083,Seabiscuit,LAURA HILLENBRAND,2003,Ballantine Books
451625889,The Prince,Niccolo Machiavelli,1952,Signet Book
1558531025,Life`s Little Instruction Book (Life`s Little Instruction Books (Paperback)),H. Jackson Brown,1991,Thomas Nelson
441783589,Starship Troopers,Robert A. Heinlein,1987,Ace Books
394895894,"The Ruby in the Smoke (Sally Lockhart Trilogy, Book 1)",PHILIP PULLMAN,1988,Laurel Leaf
1569871213,Black Beauty (Illustrated Classics),Anna Sewell,1995,Landoll
375410538,Anil`s Ghost,MICHAEL ONDAATJE,2000,Knopf
966986105,Prescription for Terror,Sandra Levy Ceren,1999,Andrew Scott Publishers
087113375X,Modern Manners: An Etiquette Book for Rude People,P.J. O`Rourke,1990,Atlantic Monthly Press
340767936,Turning Thirty,Mike Gayle,2000,Hodder &amp; Stoughton General Division
743403843,Decipher,Stel Pavlou,2002,Simon &amp; Schuster (Trade Division)
60930365,"My First Cousin Once Removed: Money, Madness, and the Family of Robert Lowell",Sarah Payne Stuart,1999,Perennial
60177586,Standing Firm: A Vice-Presidential Memoir,Dan Quayle,1994,Harpercollins
71416331,Team Bush : Leadership Lessons from the Bush White House,Donald F. Kettl,2003,McGraw-Hill
375509038,The Right Man : The Surprise Presidency of George W. Bush,DAVID FRUM,2003,Random House
553062042,Daybreakers Louis Lamour Collection,Louis Lamour,1981,Bantam Doubleday Dell
316769487,The Catcher in the Rye,J.D. Salinger,1991,"Little, Brown"
8445071408,El Senor De Los Anillos: LA Comunidad Del Anillo (Lord of the Rings (Spanish)),J. R. R. Tolkien,2001,Minotauro
8445071769,El Senor De Los Anillos: Las DOS Torres (Lord of the Rings (Paperback)),J. R. R. Tolkien,2001,Minotauro
8445071777,"El Senor De Los Anillos: El Retorno Del Rey (Tolkien, J. R. R. Lord of the Rings. 3.)",J. R. R. Tolkien,2001,Distribooks
679429220,Midnight in the Garden of Good and Evil: A Savannah Story,John Berendt,1994,Random House
671867156,Pretend You Don`t See Her,Mary Higgins Clark,1998,Pocket
312252617,Fast Women,Jennifer Crusie,2001,St. Martin`s Press
312261594,Female Intelligence,Jane Heller,2001,St. Martin`s Press
316748641,Pasquale`s Nose: Idle Days in an Italian Town,Michael Rips,2002,Back Bay Books
316973742,The Gospel of Judas: A Novel,Simon Mawer,2002,Back Bay Books
385235941,"Prize Stories, 1987: The O`Henry Awards",William Abrahams,1987,Doubleday Books
446677450,"Rich Dad, Poor Dad: What the Rich Teach Their Kids About Money--That the Poor and Middle Class Do Not!",Robert T. Kiyosaki,2000,Warner Books
451166892,The Pillars of the Earth,Ken Follett,1996,Signet Book
553347594,McDonald`s: Behind the Arches,John F. Love,1995,Bantam
671621009,Creating Wealth : Retire in Ten Years Using Allen`s Seven Principles of Wealth!,Robert G. Allen,1986,Fireside
067976397X,Corelli`s Mandolin : A Novel,LOUIS DE BERNIERES,1995,Vintage
684822733,"Love, Miracles, and Animal Healing : A heartwarming look at the spiritual bond between animals and humans",Pam Proctor,1996,Fireside
786868716,The Five People You Meet in Heaven,Mitch Albom,2003,Hyperion
8472238822,Tu Nombre Escrito En El Agua (La Sonrisa Vertical),Irene Gonzalez Frei,2002,Tusquets
671864769,Relics (Star Trek: The Next Generation),Michael Jan Friedman,1992,Star Trek
671521519,Bless The Beasts And Children : Bless The Beasts And Children,Glendon Swarthout,1995,Pocket
440222303,"The Touch of Your Shadow, the Whisper of Your Name (Babylon 5, Book 5)",Neal Barrett Jr.,1996,Dell
312953453,Blood Oath,David Morrell,1994,St. Martin`s Press
446608653,The Alibi,Sandra Brown,2000,Warner Books
446612545,The Beach House,James Patterson,2003,Warner Books
446612618,A Kiss Remembered,Sandra Brown,2003,Warner Books
451208080,The Short Forever,Stuart Woods,2003,Signet Book
553584383,Dead Aim,IRIS JOHANSEN,2004,Bantam Books
671027360,Angels &amp; Demons,Dan Brown,2001,Pocket Star
812575954,The Deal,Joe Hutsko,2000,Tor Books (Mm)
316735736,All He Ever Wanted: A Novel,Anita Shreve,2004,Back Bay Books
743439740,"Every Breath You Take : A True Story of Obsession, Revenge, and Murder",Ann Rule,2002,Pocket
345372700,"If I Ever Get Back to Georgia, I`m Gonna Nail My Feet to the Ground",LEWIS GRIZZARD,1991,Ballantine Books
380619458,The Mosquito Coast,Paul Theroux,1990,Harper Mass Market Paperbacks (Mm)
446325805,"If Love Were Oil, I`d Be About a Quart Low",Lewis Grizzard,1994,Warner Books (Mm)
451406923,"Goodbye, My Little Ones: The True Story of a Murderous Mother and Five Innocent Victims",Charles Hickey,1996,Onyx Books
671042858,The Girl Who Loved Tom Gordon,Stephen King,2000,Pocket
743249992,Bringing Down the House: The Inside Story of Six M.I.T. Students Who Took Vegas for Millions,Ben Mezrich,2003,Free Press
840734530,"The Oneprince (The Redaemian Chronicles, Book 1)",Bill Hand,1992,Thomas Nelson Inc
425184226,The Sum of All Fears,Tom Clancy,2002,Berkley Publishing Group
375500766,Care Packages : Letters to Christopher Reeve from Strangers and Other Friends,DANA REEVE,1999,Random House
9724119378,O Deus Das Pequenas Coisas,Roy,1998,Edicoes Asa
451205197,Lady in Green/Minor Indiscretions (Signet Regency Romance),Barbara Metzger,2002,Signet Book
60929790,One Hundred Years of Solitude,Gabriel Garcia Marquez,1998,Perennial
60976845,Little Altars Everywhere: A Novel,Rebecca Wells,1996,Perennial
61099325,Coyote Waits (Joe Leaphorn/Jim Chee Novels),Tony Hillerman,1992,HarperTorch
671004573,Before I Say Good-Bye,Mary Higgins Clark,2001,Pocket
446601640,Slow Waltz in Cedar Bend,Robert James Waller,1994,Warner Books
330484516,Twenty Minute Retreats: Revive Your Spirits in Just Minutes a Day (A Pan Self-discovery Title),Rachel Harris,2001,Pan Macmillan
038572179X,Atonement : A Novel,IAN MCEWAN,2003,Anchor
393020371,Next: The Future Just Happened,Michael Lewis,2001,W.W. Norton &amp; Company
1900850303,The Angelic Darkness,Richard Zimler,1999,Arcadia Books
1903019699,The Soulbane Stratagem,Norman Jetmundsen,2000,"John Hunt Publishing, Ltd."
345425294,Gangster,Lorenzo Carcaterra,2002,Fawcett Books
451410319,Hush,Anne Frasier,2002,Onyx Books
553583468,"Whisper of Evil (Hooper, Kay. Evil Trilogy.)",Kay Hooper,2002,Bantam Books
8420639133,Temor y Temblor,Soren Kierkegaard,2001,Alianza
8476409419,Estudios sobre el amor,Jose Ortega Y Gaset,2001,Downtown Book Center
380778556,Rebecca,Daphne Du Maurier,1994,Avon
451525221,Scarlet Letter,Nathaniel Hawthorne,1993,Signet Book
2740230,Keep It Simple: And Get More Out of Life,Nick Page,1999,Trafalgar Square
385336772,Diary of a Mad Mom-To-Be,Laura Wolf,2003,Delta
440949424,Locked in Time (Laurel Leaf Books),LOIS DUNCAN,1986,Laure Leaf
505524996,Contact,Susan Grant,2002,Love Spell
140252800,The Brimstone Wedding,Barbara Vine,1997,Penguin Books Ltd
451452755,The Catswold Portal,Shirley Rousseau Murphy,1993,Roc
812575482,Through Wolf`s Eyes (Wolf),Jane Lindskold,2002,Tor Fantasy
044651747X,Puerto Vallarta Squeeze,Robert James Waller,1995,Warner Books
60801263,Tree Grows In Brooklyn,Betty Smith,1988,Harpercollins Publisher
61030147,"Cybill Disobedience: How I Survived Beauty Pageants, Elvis, Sex, Bruce Willis, Lies, Marriage, Motherhood, Hollywood, and the Irrepressible Urge to Say What I Think",Cybill Shepherd,2001,Avon Books
140250964,Snow Angels,Stewart O`Nan,1995,Penguin Books
446527165,Wish You Well,David Baldacci,2000,Warner Books
671461494,The Hitchhiker`s Guide to the Galaxy,Douglas Adams,1982,Pocket
385337639,Crow Lake (Today Show Book Club #7),Mary Lawson,2003,Delta
039575514X,My Antonia,Willa Cather,1995,Mariner Books
451206673,Pen Pals,Olivia Goldsmith,2002,Signet Book
330332775,Bridget Jones`s Diary,Helen Fielding,1997,Picador (UK)
486284735,Pride and Prejudice (Dover Thrift Editions),Jane Austen,1995,Dover Publications
671021745,EYE ON CRIME: HARDY BOYS #153,Franklin W. Dixon,1998,Aladdin
671047612,Skin And Bones,Franklin W. Dixon,2000,Aladdin
671504282,"LAW OF THE JUNGLE (HARDY BOYS CASE FILE 105) : LAW OF THE JUNGLE (Hardy Boys, The)",Franklin W. Dixon,1995,Simon Pulse
399138684,The Cat Who Came to Breakfast (Cat Who... (Hardcover)),Lilian Jackson Braun,1994,Putnam Pub Group
785263292,"If Singleness Is a Gift, What`s the Return Policy?",Holly Virden,2003,Nelson Books
830714014,Always Daddy`s Girl: Understanding Your Father`s Impact on Who You Are,H. Norman Wright,1989,Regal Books
345354931,Night Mare (Xanth Novels (Paperback)),Piers Anthony,1990,Del Rey Books
553278223,The Martian Chronicles,RAY BRADBURY,1984,Spectra
3150000335,Kabale Und Liebe,Schiller,0,"Philipp Reclam, Jun Verlag GmbH"
3257203659,Der illustrierte Mann. Erz√?¬§hlungen.,Ray Bradbury,2002,Diogenes
3257207522,Der K√?¬∂nig in Gelb.,Raymond Chandler,1980,Diogenes Verlag
3257208626,Fahrenheit 451,Ray Bradbury,1994,Distribooks Inc
3257208634,Die Mars- Chroniken. Roman in Erz√?¬§hlungen.,Ray Bradbury,1981,Diogenes Verlag
3257208669,Das B√?¬∂se kommt auf leisen Sohlen.,Ray Bradbury,2003,Diogenes
3257210450,L√?¬∂wenzahnwein. Roman.,Ray Bradbury,1999,Diogenes Verlag
3257212054,Das Kind von morgen. Erz√?¬§hlungen.,Ray Bradbury,2000,Diogenes Verlag
3257212429,Die Mechanismen der Freude. Erz√?¬§hlungen.,Ray Bradbury,2000,Diogenes Verlag
3257214154,Familientreffen. Erz√?¬§hlungen.,Ray Bradbury,2000,Diogenes Verlag
3257216416,Der Tod kommt schnell in Mexico. Erz√?¬§hlungen.,Ray Bradbury,1988,Diogenes Verlag
3257233051,Veronika Deschliesst Zu Sterben / Vernika Decides to Die,Paolo Coelho,2002,Distribooks
342311360X,Die Liebe in Den Zelten,Gabriel Garcia Marquez,0,Deutscher Taschenbuch Verlag (DTV)
3423116714,Die Klone der Joanna May. Roman.,Fay Weldon,1993,Dtv
3423241489,Ist mein Hintern wirklich so dick? Tagebuch einer empfindsamen Frau.,Arabella Weir,1998,Dtv
3426605686,Haifischfrauen.,Kiana Davenport,1996,"Droemersche Verlagsanstalt Th. Knaur Nachf., GmbH &amp; Co."
3453212150,Die Cappuccino- Jahre. Aus dem Tagebuch des Adrian Mole.,Sue Townsend,2002,Heyne
3462021095,Schwarzer Tee mit drei St√ºck Zucker,Renan Demirkan,1991,Kiepenheuer &amp; Witsch
3492045642,Quersch√?¬ºsse - Downsize This!,Michael Moore,2003,Piper
3498020862,Die Korrekturen.,Jonathan Franzen,2002,"Rowohlt, Reinbek"
3499110695,Neun Erz√?¬§hlungen.,Jerome D. Salinger,1968,Rowohlt Tb.
3499151502,"Hebt den Dachbalken hoch, Zimmerleute / Seymour wird vorgestellt.",Jerome D. Salinger,1998,Rowohlt Tb.
3518111000,"Ulysses (√?¬?bersetzg. Wollschl√?¬§ger). ( Neue Folge, 100).",James Joyce,1981,Suhrkamp
3548254268,Eine ganz normale Aff√?¬§re.,Joanna Trollope,2002,Ullstein Tb
3570300099,"Das Intimleben des Adrian Mole, 13 3/4 Jahre. cbt. ( Ab 14 J.).",Sue Townsend,2002,"Bertelsmann, M√?¬ºnchen"
3596292646,Das Buch der l√?¬§cherlichen Liebe.,Milan Kundera,2000,"Fischer (Tb.), Frankfurt"
60977493,The God of Small Things,Arundhati Roy,1998,Perennial
312872682,The James Dean Affair: A Neil Gulliver &amp; Stevie Marriner Novel,Robert S. Levinson,2000,St Martins Pr
316602906,The Big Bad Wolf: A Novel,James Patterson,2003,"Little, Brown"
316693006,Four Blind Mice,James Patterson,2002,"Little, Brown"
345311396,Private Screening,Richard North Patterson,1994,Ballantine Books
345378490,Congo,Michael Crichton,1995,Ballantine Books
345404793,Protect and Defend,Richard North Patterson,2001,Ballantine Books
345433173,The Tall Pine Polka,Lorna Landvik,1999,Ballantine Books
375400117,Memoirs of a Geisha,Arthur Golden,1997,Alfred A. Knopf
375705856,Plainsong (Vintage Contemporaries),KENT HARUF,2000,Vintage
380717018,Body of Evidence (Kay Scarpetta Mysteries (Paperback)),Patricia D. Cornwell,1992,Avon
380718332,All That Remains (Kay Scarpetta Mysteries (Paperback)),Patricia D. Cornwell,1993,Avon
380754509,The Case of the Lost Look-Alike (An Avon Camelot Book),Carol J. Farley,1988,Avon Books
038076654X,Petals on the River,Kathleen E. Woodiwiss,1997,Avon Trade
380807866,The Elusive Flame,Kathleen E. Woodiwiss,1999,Avon
385316895,Legacy of Silence,Belva Plain,1998,Bantam Dell Pub Group
385497466,The Brethren,JOHN GRISHAM,2000,Doubleday
385508042,The King of Torts,John Grisham,2003,Doubleday Books
385509456,The Curious Incident of the Dog in the Night-Time : A Novel,MARK HADDON,2003,Doubleday
385511612,Bleachers,John Grisham,2003,Doubleday
385730586,Sisterhood of the Traveling Pants,ANN BRASHARES,2003,Delacorte Books for Young Readers
425164403,Only Love (Magical Love),Erich Segal,1998,Berkley Publishing Group
440234964,All or Nothing (Wheeler Large Print Books),Elizabeth Adler,2000,Island
446605484,Roses Are Red (Alex Cross Novels),James Patterson,2001,Warner Vision
446610399,The Rescue,Nicholas Sparks,2001,Warner Books
449006522,Manhattan Hunt Club,JOHN SAUL,2002,Ballantine Books
449911004,Patty Jane`s House of Curl (Ballantine Reader`s Circle),LORNA LANDVIK,1996,Ballantine Books
451162072,Pet Sematary,Stephen King,1994,Signet Book
451186648,Silent Snow,Steve Thayer,2000,Signet Book
452282152,Girl with a Pearl Earring,Tracy Chevalier,2001,Plume Books
051513290X,Summer of Storms,Judith Kelman,2002,Jove Books
553580388,The Patient,Michael Palmer,2001,Bantam Books
590598848,"Demona`s Revenge (Gargoyles, No. 2)",Francine Hughes,1995,Scholastic
590629719,Clifford`s Sports Day,Norman Bridwell,1996,Scholastic
671023616,Postmortem (Kay Scarpetta Mysteries (Paperback)),Patricia Cornwell,1998,Pocket
671027387,Deception Point,Dan Brown,2002,Pocket
684848783,Tis : A Memoir,Frank McCourt,1999,Scribner
743486226,Angels &amp; Demons,Dan Brown,2003,Atria
786863986,A Monk Swimming,Malachy McCourt,1998,Hyperion
803251718,Crazy Horse,Mari Sandoz,1961,University of Nebraska Press
804117934,The Silent Cry (William Monk Novels (Paperback)),Anne Perry,1998,Ivy Books
140003180X,The Kalahari Typing School for Men (No. 1 Ladies` Detective Agency),ALEXANDER MCCALL SMITH,2004,Anchor
155874262X,Chicken Soup for the Soul (Chicken Soup for the Soul),Jack Canfield,1993,Health Communications
60987103,Wicked: The Life and Times of the Wicked Witch of the West,Gregory Maguire,1996,Regan Books
151008116,Life of Pi,Yann Martel,2002,Harcourt
375704965,A Judgement in Stone,Ruth Rendell,2000,Vintage Books USA
525947647,Lies and the Lying Liars Who Tell Them: A Fair and Balanced Look at the Right,Al Franken,2003,Dutton Books
804111359,Secret History,DONNA TARTT,1993,Ballantine Books
1558744150,Chicken Soup for the Woman`s Soul (Chicken Soup for the Soul Series (Paper)),Jack Canfield,1996,Health Communications
435272683,Great Expectations (Heinemann Guided Readers),John Milne,1995,Delta Systems
316782505,The Weight of Water,Anita Shreve,2001,"Little, Brown"
006102063X,Moving Pictures (Discworld Novels (Paperback)),Terry Pratchett,2002,HarperTorch
60013117,Night Watch,Terry Pratchett,2002,HarperCollins
60199563,Thief of Time,Terry Pratchett,2001,HarperCollins Publishers
006052779X,Charlotte`s Web Book and Charm (Charming Classics),E. B. White,2003,HarperFestival
60563079,Peter Pan: The Original Story (Peter Pan),J. M. Barrie,2003,HarperFestival
60809027,My Friend Flicka,Mary O`Hara,1988,Perennial
61040967,The Last Hero : A Discworld Fable (Discworld Novels (Hardcover)),Terry Pratchett,2001,HarperCollins
61050474,Jingo: A Discworld Novel (Discworld Series/Terry Pratchett),Terry Pratchett,1998,HarperPrism
61052515,"Maskerade: A Novel of Discworld (Pratchett, Terry. Discworld Series (New York, N.Y.).)",Terry Pratchett,1997,HarperPrism
61052523,Interesting Times: A Novel of Discworld,Terry Pratchett,1997,Harpercollins
64472264,"On the Bright Side, I`m Now the Girlfriend of a Sex God: Further Confessions of Georgia Nicolson",Louise Rennison,2002,HarperTempest
140620664,Mansfield Park (Penguin Popular Classics),Jane Austen,1994,Penguin Books Ltd
312148267,The Wind in the Willows,Kenneth Grahame,1996,St. Martin`s Press
312156960,The Winter King: A Novel of Arthur (The Warlord Chronicles: I),Bernard Cornwell,1997,St. Martin`s Griffin
312890044,Moonheart (Newford),Charles de Lint,1994,Orb Books
034543191X,The King of Elfland`s Daughter (Del Rey Impact),Edward John Moreton Drax Plunkett Dunsany,1999,Del Rey Books
373836023,Powder and Patch,Georgette Heyer,2004,Harlequin
375751513,The Picture of Dorian Gray (Modern Library (Paperback)),OSCAR WILDE,1998,Modern Library
375801677,The Iron Giant,Ted Hughes,1999,Knopf Books for Young Readers
375814248,James and the Giant Peach,ROALD DAHL,2002,Knopf Books for Young Readers
375823352,"The Amber Spyglass (His Dark Materials, Book 3)",PHILIP PULLMAN,2002,Knopf Books for Young Readers
037582345X,"The Golden Compass (His Dark Materials, Book 1)",PHILIP PULLMAN,2002,Knopf Books for Young Readers
375823468,"The Subtle Knife (His Dark Materials, Book 2)",PHILIP PULLMAN,2002,Knopf Books for Young Readers
380730448,"The Adrian Mole Diaries : The Secret Diary of Adrian Mole, Aged 13 3/4 : The Growing Pains of Adrian Mole",Sue Townsend,1997,Perennial
380973839,Martian Chronicles,Ray Bradbury,1997,William Morrow
385327773,The Great God Pan,Donna Jo Napoli,2003,Wendy Lamb Books
394586239,Possession: A Romance,A. S. Byatt,1990,Random House Inc
439510112,Born Confused,Tanuja Desai Hidier,2003,Push
440241413,Confessions of a Shopaholic,SOPHIE KINSELLA,2003,Dell
451409256,Making Minty Malone,Isabel Wolff,2000,Onyx Books
451523415,Little Women (Signet Classic),Louisa May Alcott,1988,Signet Classics
451526279,Emma (Signet Classics (Paperback)),Jane Austen,1996,Signet Classics
451526341,Animal Farm,George Orwell,2004,Signet
486415864,Great Expectations (Dover Thrift Editions),Charles Dickens,2001,Dover Publications
553280589,Eva Luna,Isabel Allende,1989,Bantam Books
571197639,Poisonwood Bible Edition Uk,Barbara Kingsolver,0,Faber Faber Inc
670035262,The Green Man : Tales from the Mythic Forest,Ellen Datlow,2002,Viking Juvenile
679423079,Nicholas Nickleby (Everyman`s Library),Charles Dickens,1993,Alfred A. Knopf
679751343,Angels &amp; Insects : Two Novellas,A.S. BYATT,1994,Vintage
684833395,Catch 22,Joseph Heller,1996,Simon &amp; Schuster
743245024,The Forsyte Saga : The Man of Property and In Chancery,John Galsworthy,2002,Touchstone
749748001,The Enchanted Wood,Enid Blyton,2002,Egmont Childrens Books
749748028,The Folk of the Faraway Tree,Enid Blyton,2002,Egmont Childrens Books
963094424,Angels and Visitations: A Miscellany,Neil Gaiman,1993,Dreamhaven Books
1401201172,"League of Extraordinary Gentlemen, Vol. 2 (Comic)",Alan Moore,2003,DC Comics
1563892278,"Preludes and Nocturnes (Sandman, Book 1)",Neil Gaiman,1998,DC Comics
1563898586,"The League of Extraordinary Gentlemen, Vol. 1",Alan Moore,2002,DC Comics
156971620X,Harlequin Valentine,Neil Gaiman,2002,Dark Horse Comics
1592571301,Alpha Teach Yourself American Sign Language in 24 Hours (Alpha Teach Yourself in 24 Hours),Trudy Suggs,2003,Alpha Books
374270325,A Man in Full,Tom Wolfe,1998,Farrar Straus &amp; Giroux
375719180,The Miracle Life of Edgar Mint: A Novel,Brady Udall,2002,Vintage Books USA
440235502,October Sky: A Memoir,Homer Hickam,1999,Dell
044023722X,A Painted House,John Grisham,2001,Dell Publishing Company
1573225487,The Romance Reader,Pearl Abraham,1996,Riverhead Books
1853260673,Far from the Madding Crowd (Wordsworth Classics),Thomas Hardy,1997,NTC/Contemporary Publishing Company
60977477,The Perfect Storm : A True Story of Men Against the Sea,Sebastian Junger,1999,Perennial
345391691,The Battle for God,Karen Armstrong,2001,Ballantine Books
520011171,Sappho: A New Translation,Mary Barnard,1958,University of California Press
553278746,The Postman (Bantam Classics),David Brin,1990,Spectra Books
670856045,The Tortilla Curtain,T. Coraghessan Boyle,1995,Viking Books
872200760,Symposium,Paul Woodruff,1989,Hackett Pub Co Inc
937858994,The What`s Happening to My Body? Book for Boys: A Growing Up Guide for Parents and Sons,Lynda Madaras,1987,W W Norton &amp; Co
671649949,OBJECT AFFECTION,Stephen McCauley,1988,Washington Square Press
590431110,The Journey Home,Isabelle Holland,1993,Scholastic Paperbacks (Mm)
64470113,Taking the Ferry Home,Pam Conrad,1990,Harpercollins Juvenile Books
553571486,Angel of Hope (Mercy Trilogy),Lurlene McDaniel,2000,Starfire
972044205,The Breach,Brian Kaufman,2002,Last Knight Pub Co
312963009,Neanderthal: A Novel,John Darnton,1997,St. Martin`s Press
345430476,A Small Dark Place,Martin Schenk,1999,Ballantine Books
345435869,The Rivan Codex : Ancient Texts of THE BELGARIAD and THE MALLOREON,DAVID EDDINGS,1999,Del Rey
380728729,Babyhood,Paul Reiser,1998,Avon
038081840X,Year`s Best Fantasy (Year`s Best Fantasy),David G. Hartwell,2001,Eos
449912302,Dave Barry in Cyberspace,Dave Barry,1997,Ballantine Books
055329198X,Wolf Moon,John R. Holt,1997,Bantam
671018930,The War in Heaven (Eternal Warriors),Theodore Beale,2000,Pocket
812541642,Waiting,Frank M. Robinson,2000,Tor Books
312988699,Nowhere To Run,Mary Jane Clark,2004,St. Martin`s Paperbacks
486282112,Frankenstein (Dover Thrift Editions),Mary Wollstonecraft Shelley,1994,Dover Publications
8483007010,El gust amarg de la cervesa (Collecci√≥ Cl√†ssica),Isabel-Clara Sim√≥,1999,Columna
670815373,Urn Burial,Robert Westall,1987,Viking Children`s Books
385313748,All Our Yesterdays (Large Print),Robert B. Parker,1994,Delacorte Press
1575843366,What Shall I Be (Barbie Carryalong),Rita Chapman Works,1999,Reader`s Digest
684193957,ALL THAT REMAINS,Patricia Cornwell,1992,Scribner
345371984,Last Chance to See,Douglas Adams,1992,Ballantine Books
380730138,Vinegar Hill (Oprah`s Book Club (Paperback)),A. Manette Ansay,1998,Perennial
1573228737,Affinity,Sarah Waters,2002,Riverhead Books
9681500555,Diario de Ana Frank,Anne Frank,2000,"Editores Mexicanos Unidos, S.A."
380711109,Desert Notes/River Notes,Barry Lopez,1990,Quill (HarperCollins)
452283914,"The Best Democracy Money Can Buy: The Truth About Corporate Cons, Globalization and High-Finance Fraudsters",Greg Palast,2003,Plume Books
425120279,The Hunt for Red October,Tom Clancy,1990,Berkley Publishing Group
067153484X,The Music Box,Andrea Kane,1998,Pocket
380728273,Liberty Falling (Anna Pigeon Mysteries (Paperback)),Nevada Barr,2000,Avon
8433914545,El Palacio de La Luna,Paul Auster,1996,Anagrama
8484509141,Mientras Escribo,Stephen King,2002,Distribooks
446606197,Killer Market (Deborah Knott Mysteries (Paperback)),Margaret Maron,1999,Warner Books
771076002,Remembering Peter Gzowski : A Book of Tributes,EDNA BARKER,2002,Douglas Gibson Books
771088191,The Best Canadian Animal Stories: Classic Tales by Master Storytellers,Muriel Whitaker,1997,McClelland &amp; Stewart
1559703237,Trying to Save Piggy Sneed,John Irving,1996,Arcade Publishing
3596214629,"Herr Der Fliegen (Fiction, Poetry and Drama)",Golding,0,Fischer Taschenbuch Verlag GmbH
62770500,Seattle Access,HarperReference,1993,Access Press (HarperCollins)
671847546,REAL GUIDE: CALIFORNIA AND THE WEST COAST (The Real guides),LTD,1993,John Wiley &amp; Sons Inc
60188731,Bel Canto,Ann Patchett,2001,HarperCollins Publishers
140374248,James and the Giant Peach,Roald Dahl,2000,Penguin USA (Paper)
142001740,The Secret Life of Bees,Sue Monk Kidd,2003,Penguin Books
195086295,What a Wonderful World: A Lifetime of Recordings,Bob Thiele,1995,Oxford University Press
312995423,Digital Fortress : A Thriller,Dan Brown,2003,St. Martin`s Press
380704587,The Ladies of Missalonghi,Colleen McCullough,1988,Avon
380815923,Blackberry Wine : A Novel,Joanne Harris,2001,Perennial
385416342,The Firm,John Grisham,1991,Doubleday Books
385418493,How the Irish Saved Civilization: The Untold Story of Ireland`s Heroic Role from the Fall of Rome to the Rise of Medieval Europe (Hinges of History),Thomas Cahill,1996,Anchor
038542471X,The Client,John Grisham,1993,Doubleday Books
425098109,Thieves of Light (Photon : the Ultimate Game on Planet Earth),Michael Hudson,1987,Berkley Publishing Group
449005410,Horse Heaven (Ballantine Reader`s Circle),Jane Smiley,2001,Ballantine Books
449202631,Danger,Dick Francis,1985,Fawcett Books
449207544,Proof,Dick Francis,1990,Fawcett Books
515128554,Heart of the Sea (Irish Trilogy),Nora Roberts,2000,Jove Books
517577402,Mostly Harmless,Douglas Adams,1992,Random House Inc
590450875,I Spy: A Book of Picture Riddles,Jean Marzollo,1992,Scholastic
590481371,I Spy Spooky Night: A Book of Picture Riddles (I Spy Books),Walter Wick,1996,Scholastic
067103619X,Lake News,Barbara Delinsky,2000,Pocket
684177730,The SKULL BENEATH THE SKIN,P. D. James,1982,Scribner
684180200,NEW SHOE,Arthur William Upfield,1983,Scribner Paper Fiction
743411269,An Accidental Woman,Barbara Delinsky,2003,Pocket Books
743470389,The Snow Garden,Christopher Rice,2004,Pocket Star
076218857X,The Doorbell Rang (The Best Mysteries of All Time),Rex Stout,2000,Readers Digest Assn
767905938,A Year by the Sea: Thoughts of an Unfinished Woman,Joan Anderson,2000,Broadway Books
800706544,Though I walk through the valley,Vance Havner,1974,F. H. Revell
801096677,Victorious Christians You Should Know,Warren W. Wiersbe,1984,Baker Book House
849953014,Life Lessons: Book Of Hebrews,Max Lucado,1997,W Publishing Group
891091963,Inside out,Lawrence J Crabb,1988,NavPress
915811537,Son Rise: The Miracle Continues,Barry Neil Kaufman,1994,Pub Group West
927545373,Unveiled at Last,Bob Sjogren,1988,YWAM Publishing
1575024179,The Day I Almost Quit,Frederick J. Moody,1997,F.J. Moody
1880185008,"Serving As Senders: How to Care for Your Missionaries While They Are Preparing to Go, While They Are on the Field, When They Return Home",Neal Pirolo,1991,Emmaus Road Intl
140345809,House of Stairs,William Sleator,1991,Puffin Books
156528207,The Little Prince,Antoine de Saint-Exup√©ry,1968,Harcourt
380012863,Jonathan Livingston Seagull,Richard Bach,1976,Avon
451154916,The Crystal Handbook,Kevin Sullivan,1996,Signet Book
785815147,Simple Wicca (Simple Wisdom Book),Michele Morgan,2002,Castle Books
875421288,"The Complete Book of Incense, Oils &amp; Brews (Llewellyn`s Practical Magick)","Scott, Cunningham",1989,Llewellyn Publications
1567184294,"The Western Mysteries: An Encyclopedic Guide to the Sacred Languages &amp; Magickal Systems of the World : The Key of It All, Book II (Key of It All)",David Allen Hulse,2000,Llewellyn Publications
156718796X,Astral Travel for Beginners (For Beginners),Richard Webster,1998,Llewellyn Publications
1862047626,New Perspectives: Runes,Bernard King,2000,Harper Collins - UK
20437501,Rosie`S Walk,Pat Hutchins,1971,Aladdin
198320264,Julius Caesar (Oxford School Shakespeare),William Shakespeare,2001,Oxford University Press
373196989,"Santa Brought A Son : Marrying The Boss`s Daughter (Silhouette Romance, 1698)",Melissa McClone,2003,Silhouette
373245580,"Marry Me ... Again   Montana Mavericks (Silhouette Special Edition, 1558)",Cheryl St. John,2003,Silhouette
451527747,Alice`s Adventures in Wonderland and Through the Looking Glass,Lewis Carroll,2000,Signet Classics
671867113,Moonlight Becomes You,Mary Higgins Clark,1997,Pocket
812504208,The Adventures of Tom Sawyer,Mark Twain,1989,Tor Books
60173289,Divine Secrets of the Ya-Ya Sisterhood : A Novel,Rebecca Wells,1996,HarperCollins
60973897,Lakota Woman,Dog Mary Crow,1991,Perennial
006101351X,The Perfect Storm : A True Story of Men Against the Sea,Sebastian Junger,1998,HarperTorch
140104682,"Heroes of Their Own Lives: The Politics and History of Family Violence, Boston 1880-1960",Linda Gordon,1989,Penguin USA
312143370,The Florence King Reader,Florence King,1996,St. Martin`s Press
316666343,The Lovely Bones: A Novel,Alice Sebold,2002,"Little, Brown"
039456894X,Impossible Vacation,Spalding Gray,1992,Random House Inc
440224675,Hannibal,Thomas Harris,2000,Dell Publishing Company
449002632,London : The Novel,EDWARD RUTHERFURD,1998,Fawcett
449213773,Life Before Man,Margaret Atwood,1990,Fawcett Books
452279690,Cavedweller,Dorothy Allison,1999,Plume Books
553569058,The Robber Bride,Margaret Atwood,1995,Bantam
679427430,Wouldn`t Take Nothing for My Journey Now,MAYA ANGELOU,1993,Random House
679725393,The House of Mirth (Library of America),Edith Wharton,1990,Vintage Books USA
802114369,Ohitika Woman,Mary Brave Bird,1993,Pub Group West
803233019,Black Elk Speaks: Being the Life Story of a Holy Man of the Oglala Sioux,John G. Neihardt,1988,University of Nebraska Press
819154946,The Community in America,Roland Warren,1987,University Press of America
897322339,"The Best in Tent Camping: Smoky Mountains : A Guide for Campers Who Hate Rvs, Concrete Slabs, and Loud Portable Stereos (Best in Tent Camping Colorado)",Johnny Molloy,1997,Globe Pequot Pr
940322978,Mawrdew Czgowchwz (New York Review Books Classics),James McCourt,2002,New York Review of Books
1573225126,Prozac Nation: Young and Depressed in America : A Memoir,Elizabeth Wurtzel,1997,Riverhead Books
1579651658,The Journey From Here,Bill Bradley,2000,Artisan Publishers
1878424319,The Four Agreements: A Practical Guide to Personal Freedom,Don Miguel Ruiz,1997,Amber-Allen Publishing
8401351421,El desarrollo de Leonardo da Vinci (Biograf√≠as y memorias),Luis Racionero,1986,Plaza &amp; Jan√©s
8423324311,Gastronomia divina (L`√°ncora),Eugeni Perea Sim√≥n,1994,Destino
8427007450,Desaparecido: LA Autentica Historia De LA Ejecucion De Charles Horman,Thomas Hauser,1982,Lectorum Pubns (J)
8429734996,Hotel Europa (El Balanc√≠),Vicen√ß Villatoro,1992,Edicions 62
8429736131,La dona dels ulls de pluja: Barcelona anys 90 (El Balanc√≠),V√≠ctor Mora,1993,Edicions 62
8440616252,El para√≠so (Tiempos modernos),Elena Castedo,1991,"Editiones B, Grupo Zeta"
8472224260,Negra i consentida (Col¬®lecci√≥ El Mirall),Of√®lia Dracs,1983,Laia
8472227421,Essa efa (Col¬®lecci√≥ El Mirall i el temps),Of√®lia Dracs,1985,Editorial Laia
8474103347,Espurnes de sang (La Negra),Antoni Serra,1987,Edicions de la Magrana
8475960936,Les lleng√ºes d`Africa (Biblioteca universal Emp√∫ries),M. Carme Junyent,1986,Editorial Emp√∫ries
8477830029,Tr√†nsit (Area contempor√†nia),Jaume Cap√≥,1987,Area
8478091246,L`home del sac,M√†rius Serra,1990,Columna
8478097732,Gr√†cies per la propina (Columna),Ferran Torrent,1995,Columna
8478098267,El dia que es va cremar el Liceu (La primera Columna),Joan Agut,1995,Columna
8478800336,C√≥mo ser una mujer y no morir en el intento (Colecci√≥n El Papagayo),Carmen Rico-Godoy,1990,Ediciones Temas de Hoy
8478884963,Una casa en Irlanda,Maeve Binchy,1999,Salamandra
8483002523,La mirada del tafur (Col¬®lecci√≥ cl√†ssica),Ferran Torrent,1997,Columna
8486433193,Amorrada al pil√≥ (Columna),Maria Ja√©n,1986,Columna
600586898,Blur (Melody Maker),Paul Lester,1995,Hal Leonard Corp
1853260622,War and Peace (Wordsworth Classics),Leo Tolstoy,1997,NTC/Contemporary Publishing Company
1857938011,A-Z of Behaving Badly,Simon Nye,1996,Trafalgar Square
60804157,He Understanding Masculine Psychology,Robert A Johnson,1977,Harpercollins Publisher
8466601090,Las DOS Muertes De Gardel (Ficcionario),Horacio Vazquez-Rial,2002,Ediciones B
140382658,You Can Surf the Net: Your Guide to the World of the Internet,Marc Gascoigne,1996,Puffin Books
152012966,I Want to Be...a Veterinarian (I Want to Be... Series),Stephanie Maze,1997,Harcourt
312283784,Alice`s Tulips,Sandra Dallas,2001,St. Martin`s Griffin
345297709,Centaur Aisle,Piers Anthony,1982,Ballantine Books
345313097,Crewel Lye,Piers Anthony,1985,Ballantine Books
345335465,Dragonflight (Dragonriders of Pern Trilogy (Paperback)),Anne McCaffrey,1991,Del Rey Books
345416848,Last Sword of Power (Stones of Power),David Gemmell,1997,Del Rey Books
385333404,Dating Big Bird,Laura Zigman,2000,Dial Books
044021145X,The Firm,John Grisham,1992,Bantam Dell Publishing Group
449212084,Murder at the Kennedy Center (Capital Crime Mysteries),Margaret Truman,1990,Fawcett Books
553582682,"Guinness World Records 2000 (Guinness Book of Records, 2000)",Nic Kynaston,2000,Bantam Books
590947257,Forever Amber Brown (Amber Brown (Paperback)),Paula Danziger,1997,Jump at the Sun
074345829X,Philip Jose Farmer`s The Dungeon,Richard A. Lupoff,2003,I Books
786913878,Pool of Radiance: The Ruins of Myth Drannor (Forgotten Realms),Carrie Bebris,2001,Wizards of the Coast
801491827,"Feminism and Suffrage: The Emergence of an Independent Women`s Movement in America, 1848-1869",Ellen Carol Dubois,1980,Cornell University Press
816729913,Why Are Boys So Weird (Tales from Third Grade),Candice F. Ransom,1993,Troll Communications Llc
843136685,Sheldon &amp; Mrs. Levine: An Excruciating Correspondence,Sam Bobrick,1994,Price Stern Sloan
866119531,Black Beauty (Great Illustrated Classics (Playmore)),Anna Sewell,2000,Playmore Inc. Publishers
866119566,Oliver Twist (Great Illustrated Classics),Charles Dickens,1989,Playmore Inc. Publishers
870441663,The wild ponies of Assateague Island (Books for young explorers),Donna K Grosvenor,1975,National Geographic Society
1561561428,Frankenstein (Illustrated Classics Series),Mary Wollstonecraft Shelley,1992,Kidsbooks.Com
553210092,The Scarlet Letter,NATHANIEL HAWTHORNE,1965,Bantam
553258524,Dragonsong (Harper Hall Trilogy),Anne McCaffrey,1977,Bantam
688163726,The Watch House,Robert Westall,1998,HarperTrophy
1569471096,Was It Something I Said?,Valerie Block,1998,Soho Press
055358099X,Cloud Nine,Luanne Rice,2000,Bantam Books
316168815,The Lovely Bones,Alice Sebold,2004,Back Bay Books
014023828X,The Tortilla Curtain,T. Coraghessan Boyle,1996,Penguin Books
316314927,Sarah Conley,Ellen Gilchrist,1998,Back Bay Books
345424719,A Widow for One Year,JOHN IRVING,1999,Ballantine Books
375414746,The Clearing,TIM GAUTREAUX,2003,Knopf
375726403,Empire Falls,Richard Russo,2002,Vintage Books USA
385503857,Oryx and Crake,Margaret Atwood,2003,Nan A. Talese
425156842,Sophie`s World: A Novel About the History of Philosophy (Berkeley Signature Edition),Jostein Gaarder,1997,Berkley Publishing Group
440226104,Black and Blue,ANNA QUINDLEN,1999,Dell
452277337,Le Divorce (William Abrahams Book),Diane Johnson,1997,Plume Books
553802488,The Face,DEAN KOONTZ,2003,Bantam
671021001,She`s Come Undone (Oprah`s Book Club),Wally Lamb,1998,Pocket
767903579,Falling Leaves: The True Story of an Unwanted Chinese Daughter,Adeline Yen Mah,1999,Broadway Books
805063897,Nickel and Dimed: On (Not) Getting By in America,Barbara Ehrenreich,2002,Owl Books
679777431,"The Game of Kings (Lymond Chronicles, 1)",DOROTHY DUNNETT,1997,Vintage
553285343,"RUSSIA HOUSE, THE",JOHN LE CARRE,1990,Bantam
486285529,Solv-A-Crime Puzzles (Dover Game and Puzzle Activity Books),A. C. Gordon,1995,Dover Publications
671002481,The First Wives Club Movie Tie In,Olivia Goldsmith,1996,Pocket
812523385,Selected Poems of Emily Dickinson,Emily Dickinson,1995,Tor Books
895774666,Watercolor School (Reader`s Digest Learn-As-You-Go Guides),Hazel Harrison,1993,Readers Digest
20199090,Joshua In the Holy Land,Joseph Girzone,1993,Simon Schuster Trade
385495145,The Messenger,JOSEPH GIRZONE,2002,Image
679733825,Sisters of the Earth: Women`s Prose and Poetry About Nature,Lorraine Anderson,1991,Vintage Books USA
842329129,Left Behind: A Novel of the Earth`s Last Days (Left Behind No. 1),Tim Lahaye,1996,Tyndale House Publishers
345451260,Househusband,AD HUDLER,2002,Ballantine Books
